"site","scale","llF","llST","perm.llF","perm.llST"
"BCI",5e+05,-1978.18768058121,-1496.77958114986,-1978.18768058121,-1496.77958114986
"BCI",250000,-1641.81325371125,-1919.82042134765,-1719.43117631258,-1660.50421747078
"BCI",250000,-1696.02014548589,-1902.28219997564,-1738.12074227613,-1686.0920181422
"BCI",125000,-1386.64499847724,-1548.18738498074,-1487.7633227351,-1452.60327763943
"BCI",125000,-1439.56061211216,-1500.27900015433,-1478.08248778588,-1435.43459999795
"BCI",125000,-1430.11442212968,-1821.64929525078,-1483.26598442568,-1444.55294458347
"BCI",125000,-1391.09260897642,-1715.86930843756,-1494.75102262246,-1457.75894074021
"BCI",62500,-1128.20035388109,-1320.22014708639,-1238.6323959527,-1201.67403517653
"BCI",62500,-1165.17152275933,-1304.3476898798,-1242.9734538922,-1217.96400428739
"BCI",62500,-1201.69983281631,-1248.42492038303,-1262.24256106212,-1231.94772704243
"BCI",62500,-1136.2791659695,-1486.26784383269,-1262.89665121466,-1229.58612487745
"BCI",62500,-1074.81556794786,-1357.93256172968,-1234.02903735538,-1207.42278983298
"BCI",62500,-1175.0265135517,-1502.26069279756,-1250.01454325378,-1224.16202983156
"BCI",62500,-1175.40827428552,-1306.78620846965,-1271.8114077668,-1245.64744706905
"BCI",62500,-1214.92656497276,-1234.6337990753,-1252.3212790325,-1221.49852721925
"BCI",31250,-915.462511304418,-1048.98732704157,-1037.3136260306,-1017.54081003623
"BCI",31250,-908.325055569898,-1033.61420693702,-1015.35564284312,-995.034788201514
"BCI",31250,-934.564064079072,-1128.16918112665,-1003.9266855991,-983.992636382834
"BCI",31250,-961.512409733309,-975.825839257801,-1012.31409488809,-987.646929735043
"BCI",31250,-918.596953609235,-1064.57089872066,-1048.14076100409,-1025.6902896561
"BCI",31250,-983.489428333656,-1008.02609417062,-1072.675018212,-1053.46395359715
"BCI",31250,-908.542687706902,-958.203654574532,-997.127123185328,-973.214574796587
"BCI",31250,-874.34252250653,-1024.08443568936,-1023.63746724705,-1005.9270333913
"BCI",31250,-966.863095414188,-1095.72309272115,-1047.31502053969,-1025.71976477934
"BCI",31250,-925.483212465997,-955.945447602738,-1039.97538216204,-1021.0088697076
"BCI",31250,-948.354310529948,-1141.96666210178,-1010.2390742906,-987.558103931173
"BCI",31250,-990.739294942721,-1070.52237769723,-1024.47716991225,-1002.53007429157
"BCI",31250,-851.912396285499,-918.837090336778,-1025.75173643724,-1000.33528139956
"BCI",31250,-980.802581223816,-1257.56998752511,-1085.70273283481,-1071.9657734156
"BCI",31250,-949.281725388328,-1017.31304966614,-982.867600615436,-957.785325017457
"BCI",31250,-918.085127135496,-1105.95404546355,-1036.0898494569,-1012.20761626311
"BCI",15625,-650.384299504291,-735.010642218139,-809.992823358602,-801.99958682104
"BCI",15625,-751.462706030369,-774.410506635895,-826.663509356134,-810.757705225369
"BCI",15625,-675.909212972667,-782.944016648577,-793.868618850952,-778.803753223037
"BCI",15625,-790.540719067766,-793.37656354256,-813.098586199603,-799.118053938601
"BCI",15625,-702.39284825318,-1004.38445534164,-817.372614773421,-799.336274106098
"BCI",15625,-756.819482582532,-801.455336448841,-791.933595772518,-782.186278943761
"BCI",15625,-766.565344571616,-850.27913251276,-840.930394126934,-827.757304555039
"BCI",15625,-702.920969646202,-742.231890692105,-807.007366718696,-798.178936722864
"BCI",15625,-680.209373012352,-750.159755146185,-823.400287722601,-810.541164770367
"BCI",15625,-714.671453522744,-755.129227965752,-790.742114418567,-774.046411534927
"BCI",15625,-710.240785834301,-746.953884014388,-823.112605363623,-812.604943110936
"BCI",15625,-706.659266149556,-749.451981864195,-799.954602591614,-780.574020115663
"BCI",15625,-743.030863040418,-783.694654092655,-827.25392368722,-816.670598896139
"BCI",15625,-789.5234846279,-807.665643977096,-874.132165669993,-855.373687825069
"BCI",15625,-762.858821187872,-816.228026197391,-813.590256744872,-796.448327127955
"BCI",15625,-751.679619636782,-808.312121231647,-825.890694906983,-812.760793109359
"BCI",15625,-671.478240336091,-713.297760989567,-812.677263985882,-799.32884125179
"BCI",15625,-762.162347404458,-827.757417538606,-832.892617483988,-818.246641157248
"BCI",15625,-681.959429709877,-767.497055605673,-783.13697966232,-768.17897170723
"BCI",15625,-640.445936862133,-687.487286091246,-829.809745715686,-814.080281764681
"BCI",15625,-692.662020274111,-741.404226187768,-766.426664592058,-758.192328326116
"BCI",15625,-765.185706078603,-840.486170229966,-862.584836705095,-840.502007188679
"BCI",15625,-730.568356645527,-769.649938779817,-796.519740424123,-787.29201866955
"BCI",15625,-776.392738251027,-954.610655722896,-854.870960512156,-837.96982729607
"BCI",15625,-710.947394936407,-717.97877229071,-803.20693400402,-787.010060872566
"BCI",15625,-719.918978179293,-951.266757323753,-836.271607866105,-824.256647197113
"BCI",15625,-725.243922245698,-741.255830398349,-811.84457057875,-799.904480683799
"BCI",15625,-759.272311505324,-884.427830229768,-831.253334976229,-813.081427343603
"BCI",15625,-724.174429162488,-726.560171918028,-830.380013550352,-813.33146213045
"BCI",15625,-743.407222627687,-764.084464103136,-771.543754562565,-756.883928132236
"BCI",15625,-757.183248488081,-819.528790883821,-797.083184114499,-778.534619829227
"BCI",15625,-728.068784581633,-745.46725748845,-805.860891436759,-791.862009059237
"BCI",7812.5,-571.17331816238,-597.499860669826,-607.291330456043,-597.912853026688
"BCI",7812.5,-552.549766516151,-674.215129137706,-638.911215954148,-631.089278592433
"BCI",7812.5,-530.089574296287,-688.686229330245,-622.542571423917,-612.607813224182
"BCI",7812.5,-586.877851412604,-582.148013723151,-644.001481873619,-632.611275459166
"BCI",7812.5,-533.554736461712,-546.971265806688,-639.365069844277,-628.828553646394
"BCI",7812.5,-548.521347070871,-567.165896563081,-639.448811930468,-627.880843305273
"BCI",7812.5,-591.615173754441,-600.854860944582,-660.885233245764,-649.202270508354
"BCI",7812.5,-522.131597444934,-553.216103798215,-606.666127432798,-596.458186962812
"BCI",7812.5,-515.487540571607,-549.326661869191,-627.509608597366,-616.875258917294
"BCI",7812.5,-578.671750129317,-620.664000868235,-666.754212367471,-654.41470038654
"BCI",7812.5,-562.483752774439,-620.688444567703,-639.120290862668,-624.868954615434
"BCI",7812.5,-582.705420124682,-572.501558417328,-621.211562599099,-610.072670671883
"BCI",7812.5,-462.528623535115,-478.933626591018,-618.016011274297,-606.962991108199
"BCI",7812.5,-487.16194176841,-501.2073505427,-591.778389383891,-580.682906843589
"BCI",7812.5,-530.458164552519,-600.614972253318,-640.493559336637,-628.450684376632
"BCI",7812.5,-526.367343358879,-549.701266653423,-600.976494014284,-591.845598995652
"BCI",7812.5,-550.57712407241,-548.602122875509,-612.545754541563,-599.441218777923
"BCI",7812.5,-517.438905754101,-548.528351749018,-547.235091607547,-535.296055884601
"BCI",7812.5,-527.586754893049,-548.821933147846,-591.221237388628,-581.478149529614
"BCI",7812.5,-547.688492762567,-783.830107600741,-645.49929821144,-633.476010535958
"BCI",7812.5,-612.860450258817,-632.007887853956,-646.138139070075,-633.26121988192
"BCI",7812.5,-536.909084996595,-558.307204511565,-600.5883743333,-589.591790564316
"BCI",7812.5,-590.206542490828,-719.041121926483,-670.049951697947,-658.487394979804
"BCI",7812.5,-535.039383714185,-529.479010316225,-570.728986734011,-562.44143249363
"BCI",7812.5,-570.094045122885,-566.649582091601,-656.619026355748,-642.129500694036
"BCI",7812.5,-529.621739707233,-579.81740484632,-637.925226515881,-629.109201328382
"BCI",7812.5,-571.037441333777,-609.421053718257,-637.646425555235,-629.880006704108
"BCI",7812.5,-548.022603419881,-569.732537653366,-635.731879100004,-623.130037521399
"BCI",7812.5,-493.440292690183,-511.398478746885,-612.83748666962,-601.651798702054
"BCI",7812.5,-501.991116121822,-521.710656621627,-588.042115464015,-581.908254667464
"BCI",7812.5,-552.520349962291,-583.15459056372,-597.019105888797,-586.694701494461
"BCI",7812.5,-618.976489230656,-642.638914164642,-592.49409077399,-580.623558244113
"BCI",3906.25,-378.125691023708,-396.66427587801,-453.401851842137,-443.982985981063
"BCI",3906.25,-398.702920729673,-417.078489077657,-460.347376090797,-450.037479070703
"BCI",3906.25,-467.022445487743,-485.657997248671,-480.956999134762,-475.239612369645
"BCI",3906.25,-458.690717674274,-468.029139540172,-427.995518858522,-417.298404675635
"BCI",3906.25,-446.240735203714,-463.21833267098,-466.640759834009,-454.893309306784
"BCI",3906.25,-428.047534753007,-442.798018311481,-425.814112201687,-419.425368554678
"BCI",3906.25,-425.664668462729,-432.520672950474,-469.183989320735,-458.559232367294
"BCI",3906.25,-436.238057574721,-448.288589996614,-473.120771907057,-469.723342063537
"BCI",3906.25,-433.351020682407,-435.199145442694,-453.434917380717,-444.775262516045
"BCI",3906.25,-438.330382394757,-452.734246547427,-442.345568524978,-437.595173404349
"BCI",3906.25,-381.72228157373,-390.975886953051,-420.316503479343,-410.779441701336
"BCI",3906.25,-360.139700649254,-370.674585883006,-409.907702216316,-399.717660030804
"BCI",3906.25,-378.544477797809,-388.557736805841,-395.520317242249,-386.568930366601
"BCI",3906.25,-403.477206564636,-404.384632829351,-489.367189773867,-480.474856969734
"BCI",3906.25,-351.356747840476,-354.376541348915,-406.926604557253,-400.892004960668
"BCI",3906.25,-317.443433743474,-333.039590638073,-460.389157394185,-453.089343759866
"BCI",3906.25,-377.550081753211,-384.487269590638,-393.228110845947,-383.60371177455
"BCI",3906.25,-383.208654755217,-393.326557763748,-435.898852547378,-426.274187418637
"BCI",3906.25,-394.679777059944,-397.775041789721,-451.295133311894,-443.021798808077
"BCI",3906.25,-410.296665317688,-417.814873201887,-454.95373570694,-447.17402400185
"BCI",3906.25,-429.136797949984,-448.199757019023,-476.532801655115,-465.516740388458
"BCI",3906.25,-360.800292037311,-373.711191437406,-423.54305084846,-413.48197059567
"BCI",3906.25,-394.472104372844,-384.598188044547,-462.989572458813,-456.415895103836
"BCI",3906.25,-382.748577527445,-383.39410392455,-425.896293055101,-414.745980612436
"BCI",3906.25,-412.518181191647,-435.621922234872,-481.232220030984,-469.692389897816
"BCI",3906.25,-396.502831768341,-407.442795749715,-418.978330024167,-412.203806351125
"BCI",3906.25,-443.23212180778,-438.965407907345,-461.599444570279,-453.274109816771
"BCI",3906.25,-417.019339243244,-412.632950154031,-427.614560816041,-417.619666509387
"BCI",3906.25,-405.887383263597,-405.913333770546,-471.78496649023,-460.743096436865
"BCI",3906.25,-368.190793213276,-376.729022910848,-463.782398418307,-451.650148428049
"BCI",3906.25,-398.141068907109,-403.550816633133,-443.561723368979,-432.79488009847
"BCI",3906.25,-324.085639853905,-325.406309106793,-417.641575950203,-408.672210234877
"BCI",1953.125,-276.336008916017,-274.189145879929,-319.645480077912,-309.437756135046
"BCI",1953.125,-242.862119510412,-250.092727821079,-297.870864135617,-288.496825929931
"BCI",1953.125,-299.651490025155,-295.152075783434,-331.208768673099,-321.903440498164
"BCI",1953.125,-221.150959384295,-227.672305857926,-272.035927925104,-263.234091708325
"BCI",1953.125,-267.339653110884,-273.555534297474,-303.046123377535,-296.566406173217
"BCI",1953.125,-279.230909426881,-296.610706921105,-317.512989943476,-313.302778894339
"BCI",1953.125,-227.995452303966,-235.931370587347,-268.666133929373,-258.940946267291
"BCI",1953.125,-292.488752005228,-289.029063543825,-307.211158506851,-300.89372459753
"BCI",1953.125,-282.957103543951,-289.082019856233,-317.319642752419,-310.378897290851
"BCI",1953.125,-269.162078280676,-275.17570913074,-311.39075780163,-302.354691304248
"BCI",1953.125,-279.579173179658,-290.950423345958,-309.571028734392,-301.858381511975
"BCI",1953.125,-253.058242438566,-255.780254114019,-323.203704611097,-314.520394407157
"BCI",1953.125,-283.35654053387,-281.726161807224,-359.910813573309,-351.557516492562
"BCI",1953.125,-265.765825735776,-316.874339991255,-336.24151862693,-326.389235974982
"BCI",1953.125,-255.435638099642,-253.820891444637,-272.991515250841,-264.414031502064
"BCI",1953.125,-252.809670412032,-253.4155779785,-309.619484173009,-299.043873072292
"BCI",1953.125,-271.476728775232,-273.33427388632,-292.815569112834,-284.483480180836
"BCI",1953.125,-246.746546068103,-269.888201886922,-308.518007202047,-300.72104675982
"BCI",1953.125,-305.309479675447,-309.732288016412,-312.533049304446,-307.923104132038
"BCI",1953.125,-266.237778268286,-269.506478551914,-319.387533355565,-310.355395076539
"BCI",1953.125,-251.183926060405,-275.991676062788,-308.259428988833,-298.484547543658
"BCI",1953.125,-275.109090097302,-276.853260960882,-329.415259013854,-320.743261985584
"BCI",1953.125,-283.414253592869,-299.535659299273,-332.421650644575,-326.355548669331
"BCI",1953.125,-299.841780943185,-297.978102341459,-326.106010590123,-319.558838469193
"BCI",1953.125,-238.491861525851,-243.426229084605,-294.097853111483,-284.889059169698
"BCI",1953.125,-273.779103874493,-279.090198137337,-326.879969497789,-316.886957137597
"BCI",1953.125,-278.09805680605,-275.035213580797,-305.210534521076,-297.542581094375
"BCI",1953.125,-284.453555503894,-283.080969804687,-293.246904829703,-281.761991823914
"BCI",1953.125,-267.970228252851,-266.977145133978,-269.514391256195,-263.804286452799
"BCI",1953.125,-287.220689192294,-282.505970034682,-314.613212831662,-306.76400558791
"BCI",1953.125,-283.142187013345,-276.462820059621,-312.076873782204,-304.611812615334
"BCI",1953.125,-269.850615918554,-353.746503829506,-317.256839417816,-308.742734021166
"BCI",976.5625,-209.348046295785,-210.858726308661,-222.241063954517,-216.41240902967
"BCI",976.5625,-166.178727304747,-176.545905614563,-184.066750332782,-178.73713491205
"BCI",976.5625,-190.179979991317,-189.463485267069,-202.780288195311,-196.485599879596
"BCI",976.5625,-253.824715442192,-256.701366622726,-236.799560003421,-229.056091192492
"BCI",976.5625,-182.045801337059,-174.118004262196,-188.852752989088,-181.849991927392
"BCI",976.5625,-153.523920680663,-153.344458032582,-177.187348465649,-172.137151764362
"BCI",976.5625,-177.597282454404,-176.492032440586,-224.042357063307,-217.235477270671
"BCI",976.5625,-186.081535148537,-216.366875008296,-231.033971011429,-222.190649172501
"BCI",976.5625,-150.27102220812,-161.218676120191,-182.224113837559,-175.681659902556
"BCI",976.5625,-165.084337583447,-159.918015766206,-208.298893932129,-203.276777651352
"BCI",976.5625,-191.348505473647,-190.196248217655,-197.69285264094,-190.652803839707
"BCI",976.5625,-186.383053298057,-189.452031530992,-196.814130015174,-190.641052148293
"BCI",976.5625,-138.541219633797,-136.912540712794,-155.087957485261,-147.368108945988
"BCI",976.5625,-196.493763414854,-190.842473321826,-219.672468366996,-211.625515119568
"BCI",976.5625,-199.916849136326,-200.527001820338,-225.603633232944,-217.445837247836
"BCI",976.5625,-150.161634489447,-151.943073806271,-177.666291286485,-172.186625469327
"BCI",976.5625,-184.247343858174,-183.350228206982,-225.755769045609,-220.867462480331
"BCI",976.5625,-158.679328037474,-156.277927504685,-203.067758046502,-199.029645888804
"BCI",976.5625,-190.21723434946,-184.950655631931,-219.032904335727,-214.552550056122
"BCI",976.5625,-174.302802167273,-180.604190879951,-195.450529134014,-190.269460037004
"BCI",976.5625,-159.654336875618,-153.623560610189,-173.729127522579,-170.845819008128
"BCI",976.5625,-210.139757443532,-209.791575868237,-214.466488455117,-209.623043229633
"BCI",976.5625,-175.618779521965,-170.028502081737,-174.913495149581,-171.113183651786
"BCI",976.5625,-206.345122322925,-208.008600198525,-211.11727785788,-204.913124039095
"BCI",976.5625,-168.746697783899,-224.911024151683,-201.709616428087,-196.264141676004
"BCI",976.5625,-177.272856416532,-172.36777035617,-189.782224988129,-185.662015652383
"BCI",976.5625,-188.87673122177,-182.550283060889,-215.210494349131,-209.604924867253
"BCI",976.5625,-188.887796951687,-194.390480379319,-192.834557392747,-189.488811897512
"BCI",976.5625,-151.460844537533,-155.316807338849,-179.138229504112,-173.025626156346
"BCI",976.5625,-189.810731232648,-188.81744747941,-226.662857317754,-220.351774981829
"BCI",976.5625,-201.733629729857,-235.267786909977,-210.265520420179,-202.007592211305
"BCI",976.5625,-152.652123695304,-151.711671193612,-162.710855947825,-160.006366010911
"BCI",488.28125,-117.643137876114,-116.973082902069,-148.710878721581,-142.446098155791
"BCI",488.28125,-104.678753003127,-98.3139899703758,-124.792460465906,-120.888549671211
"BCI",488.28125,-103.674100101327,-129.588919581464,-126.686944935341,-120.582996199483
"BCI",488.28125,-120.681642398242,-120.789835168639,-127.288848866075,-124.190882633874
"BCI",488.28125,-139.341620909589,-141.364570799085,-147.70760320275,-143.165071918664
"BCI",488.28125,-113.246914680258,-111.621878040839,-120.92797168604,-117.936057088555
"BCI",488.28125,-115.174727451521,-115.568619842509,-127.903351030875,-124.407974476369
"BCI",488.28125,-108.643704729239,-110.394873535895,-120.718320136196,-113.063414762317
"BCI",488.28125,-85.0308275030273,-85.6917367830278,-88.6684378527481,-82.2553973386071
"BCI",488.28125,-100.767339847021,-113.398086752078,-111.571208408953,-106.821617961946
"BCI",488.28125,-119.196524028496,-116.571063175801,-134.449814038789,-126.963433629768
"BCI",488.28125,-103.912605960047,-106.269426439756,-104.8140935636,-101.689856789212
"BCI",488.28125,-92.4273707743406,-94.2614873069646,-114.162122189662,-112.067479392041
"BCI",488.28125,-106.87501702925,-102.388976378508,-134.578110266774,-127.468582318647
"BCI",488.28125,-87.6317662373048,-90.014558599167,-97.1886378652976,-98.7592783802029
"BCI",488.28125,-107.324223986007,-101.876915528275,-121.753027796841,-115.467247751594
"BCI",488.28125,-106.35134418716,-108.515846882582,-115.188524560055,-112.573556831105
"BCI",488.28125,-93.1971372178328,-123.546749625559,-111.929109060749,-109.047184332514
"BCI",488.28125,-101.096931759838,-107.299346335744,-117.958224573098,-113.318945502048
"BCI",488.28125,-114.309166161442,-115.441810788976,-119.247689961699,-115.957649896448
"BCI",488.28125,-92.6749740629811,-91.8257425128684,-114.517336753914,-107.619146386492
"BCI",488.28125,-98.5711917796623,-113.625342419689,-106.642544936813,-102.345324716581
"BCI",488.28125,-109.756985109862,-106.134212065826,-114.906395035864,-110.660274036475
"BCI",488.28125,-93.0630726088883,-98.6980689515963,-99.7773715952434,-98.18186437166
"BCI",488.28125,-114.581990773868,-118.053761456795,-129.22545081789,-124.853240375755
"BCI",488.28125,-88.8029904938363,-89.4606866213596,-85.5666374615066,-82.5885650397059
"BCI",488.28125,-116.220542574128,-124.930965866921,-123.525337928072,-120.724032896058
"BCI",488.28125,-139.668138562207,-139.910402516088,-160.861739446687,-157.559061056582
"BCI",488.28125,-131.124292226133,-136.395022488291,-131.039406203084,-125.535157705767
"BCI",488.28125,-88.288979914465,-94.3204450323111,-87.3242582376751,-83.2091168923305
"BCI",488.28125,-106.197640648214,-102.80723751031,-125.854959383486,-123.502212488362
"BCI",488.28125,-98.1582383745648,-99.3621723783262,-106.938893623349,-106.081760285829
"BCI",244.140625,-49.5437618923863,-51.0688922878045,-50.2369913268049,-46.9813722506743
"BCI",244.140625,-52.9184600567735,-52.4395334475624,-53.2657420228196,-53.5028301847451
"BCI",244.140625,-70.2427938547921,-66.6500052385142,-82.1912896145757,-76.5712223496565
"BCI",244.140625,-71.5785957264599,-71.6488339984438,-78.9139034938517,-74.2939349391315
"BCI",244.140625,-64.638278292692,-67.4882724071206,-62.5157402663456,-58.9302124491487
"BCI",244.140625,-56.8407297875599,-65.8374259379234,-61.4610180969987,-57.2237270311123
"BCI",244.140625,-66.2645560242753,-68.6205171632997,-59.6790425138949,-57.3874205420829
"BCI",244.140625,-78.7943864665996,-76.5939473457686,-79.5384125489312,-76.4585252960959
"BCI",244.140625,-67.5689967674177,-72.0609538847264,-64.4912911904042,-61.4532443029027
"BCI",244.140625,-52.4193065108916,-51.6298575999546,-56.4052342733703,-54.9146568762656
"BCI",244.140625,-60.5550557397638,-59.8502001424741,-57.5407770513236,-51.2216024315133
"BCI",244.140625,-59.5313476473338,-58.255936445593,-57.7997499039004,-56.0518318581763
"BCI",244.140625,-79.2935723060044,-80.3436484755987,-77.9663743926244,-75.192881263747
"BCI",244.140625,-49.5603021061007,-51.547497556182,-51.7024851280546,-53.5193145459054
"BCI",244.140625,-56.4629994200386,-57.4678521163524,-55.7862698076131,-54.9536556727772
"BCI",244.140625,-68.7317461322993,-69.7680620919449,-78.3678835564181,-75.1450409561987
"BCI",244.140625,-65.0054928780434,-66.6491010411058,-77.2153177470645,-76.3402315443746
"BCI",244.140625,-65.8434675360732,-68.9329818223824,-62.749462084236,-61.7040398821083
"BCI",244.140625,-64.5616954010103,-67.2815791232898,-71.3145725416717,-65.0106928768281
"BCI",244.140625,-57.1434912669489,-56.4171323169295,-53.0438507943659,-49.7867155193991
"BCI",244.140625,-57.6547873979055,-55.8825199408546,-58.2977326146239,-56.242758434582
"BCI",244.140625,-66.2321518121073,-65.5673417255131,-66.0631593817078,-62.4483213649148
"BCI",244.140625,-54.9860458573871,-54.249192113961,-57.5991934091762,-56.4153324212396
"BCI",244.140625,-50.525060418383,-52.5702410745538,-53.1742794540138,-54.3333394534515
"BCI",244.140625,-29.8764615264119,-28.831599190244,-32.6225777820394,-33.9697590511531
"BCI",244.140625,-64.2940245491766,-62.7266750920414,-65.3410796951327,-63.4171845767588
"BCI",244.140625,-63.3555309702732,-65.2051563049914,-80.9827111367215,-79.05482523098
"BCI",244.140625,-70.4959241292734,-71.4147895602901,-75.5597263330042,-73.6699894902889
"BCI",244.140625,-56.3756424794229,-62.6268893296943,-66.2622509938216,-66.7428141127084
"BCI",244.140625,-48.3384041896294,-52.3597010562291,-55.9600606965873,-54.1571607613385
"BCI",244.140625,-73.4531273316333,-69.8983507196562,-75.5419068648162,-72.6557307866302
"BCI",244.140625,-67.2612771520572,-65.3257658013807,-75.0620068919625,-73.785613421814
"BCI",122.0703125,-34.9619631425626,-33.6192560801855,-36.3707303595346,-37.0805419849369
"BCI",122.0703125,-28.4631610767327,-27.7227100827922,-29.3489395042387,-28.5435806976767
"BCI",122.0703125,-42.545559039375,-41.6801722694009,-42.0305826332307,-39.7957293938783
"BCI",122.0703125,-36.8196046955322,-36.134606393598,-44.5443608338744,-45.6882970771204
"BCI",122.0703125,-28.7741944111295,-28.8023881138412,-27.8670476458292,-25.3322367633685
"BCI",122.0703125,-33.3734477575465,-37.399402459764,-33.9987362321993,-33.3018465326959
"BCI",122.0703125,-15.136423164051,-15.0846859372568,-15.136423164051,-15.0846859372568
"BCI",122.0703125,-19.9883337384876,-20.21871511308,-20.4681546734394,-19.0916642208969
"BCI",122.0703125,-39.9920021279785,-42.713434597068,-38.5750436069748,-36.2842937925146
"BCI",122.0703125,-30.5162291485887,-32.1973561332582,-29.5317961150231,-30.5724338121609
"BCI",122.0703125,-52.8901200216188,-53.0993184553335,-52.8647457335905,-50.1567099496919
"BCI",122.0703125,-37.0325769842018,-39.5489210148143,-33.8997862047624,-29.2119300972008
"BCI",122.0703125,-19.5443198560585,-20.3356540286253,-22.7323381339295,-22.4299289296917
"BCI",122.0703125,-30.0151532476307,-30.2285419545421,-30.4263150437061,-29.7399263842733
"BCI",122.0703125,-37.6391627198505,-38.4895474298425,-35.7751512567066,-34.2085545346062
"BCI",122.0703125,-26.6864897459336,-27.4759500023686,-24.7904231766537,-25.7781657643498
"BCI",122.0703125,-44.9000098105201,-49.481365783516,-45.8206879289909,-45.3680368572256
"BCI",122.0703125,-28.7489798622337,-29.7861757262808,-28.6052114881494,-30.1689943675339
"BCI",122.0703125,-29.358702522607,-28.6757749071991,-28.5151365503627,-27.3719194536634
"BCI",122.0703125,-25.6399116462721,-26.6171851352085,-24.2150590317502,-24.1812707674294
"BCI",122.0703125,-25.0963183534245,-24.4364482219566,-22.6217453707094,-21.8648995450136
"BCI",122.0703125,-41.1595822994431,-41.6826853768041,-41.0390755277744,-38.7929899435827
"BCI",122.0703125,-42.36507206684,-47.5670880981898,-41.1875008033166,-40.1111802165264
"BCI",122.0703125,-33.1864259611568,-32.5229540849908,-30.9104531294273,-28.6283563831817
"BCI",122.0703125,-31.2675568804708,-33.6730817841586,-28.3669729614606,-29.1120867053673
"BCI",122.0703125,-45.337588313534,-54.3194723843755,-56.7435525104919,-56.7676271756301
"BCI",122.0703125,-31.2679094904326,-30.2023839601735,-32.1252578558207,-32.0300383893399
"BCI",122.0703125,-25.3964229458748,-25.6174728641922,-23.2649762768222,-22.4308818809351
"BCI",122.0703125,-29.7347283911219,-29.0269154946806,-27.8026628788969,-26.0481795313961
"BCI",122.0703125,-46.6941986520205,-49.5844339615781,-44.1014659350381,-42.3907450814753
"BCI",122.0703125,-32.7977857491779,-33.8576906326185,-30.0435461656063,-27.8026027974729
"BCI",122.0703125,-30.0726915000051,-30.9905843987885,-27.543434798485,-26.57051802188
"BCI",61.03515625,-20.0661719261145,-21.0361755801119,-17.5624007094008,-17.6267259435158
"BCI",61.03515625,-17.6683815148491,-17.7033716424462,-18.8249442176777,-18.9775591317551
"BCI",61.03515625,-10.9080237010277,-11.530058755234,-10.5581925964512,-11.0781518002621
"BCI",61.03515625,-20.3895122989608,-21.3209229403156,-19.6086864556423,-19.6843803677957
"BCI",61.03515625,-7.72096149422766,-8.16469497276583,-8.51581255103606,-8.1856331858894
"BCI",61.03515625,-12.6240508965521,-12.8784329746483,-8.47497756385205,-9.11765232661654
"BCI",61.03515625,-23.0133783984454,-23.1774273416841,-18.9191606155662,-17.5568838431236
"BCI",61.03515625,-14.3961212095408,-13.5847917155281,-12.6125338602556,-12.0238759019169
"BCI",61.03515625,-5.52461809983781,-5.7406104339558,-5.23693602738602,-4.99980464894798
"BCI",61.03515625,-12.4960195540506,-12.9525461733119,-12.4324251684627,-12.0307551527468
"BCI",61.03515625,-25.2141013890808,-24.9078602681498,-25.3476327817054,-25.0872109073109
"BCI",61.03515625,-18.3215074224637,-20.738174962458,-14.4961904666671,-15.5902236254593
"BCI",61.03515625,-9.85591502607926,-10.5927351075004,-10.1676979664009,-9.45775736656475
"BCI",61.03515625,-18.4194791095696,-18.0827860900335,-18.4793117310654,-18.4983106183538
"BCI",61.03515625,-23.9324086347033,-23.7583186654065,-23.1360091375256,-22.6488421251613
"BCI",61.03515625,-12.5149968149621,-12.8161797834325,-9.79362276460372,-10.0406541597239
"BCI",61.03515625,-16.4534430745246,-16.7303018566806,-16.3081228028205,-16.6008874057741
"BCI",61.03515625,-22.092934834244,-23.4025325355663,-21.0582796901255,-19.9615369026388
"BCI",61.03515625,-18.3111512805251,-17.1131026906425,-16.915316385202,-17.2003004347619
"BCI",61.03515625,-12.735374289221,-18.2344989886447,-12.2884028225595,-11.3513549226131
"BCI",61.03515625,-12.7992284463254,-12.2351436517012,-13.2692320755712,-13.2896554098225
"BCI",61.03515625,-9.04162226394459,-8.64934612691693,-9.86504541589124,-9.2475133774826
"BCI",61.03515625,-14.7567644438266,-13.7769435219668,-12.3786059874964,-12.6051533344551
"BCI",61.03515625,-7.63407753784028,-7.61171511210317,-8.66962857904329,-8.27226305574742
"BCI",61.03515625,-18.7248627425353,-19.325197594351,-19.0042984610851,-19.0427710861917
"BCI",61.03515625,-3.62685951057124,-4.58044770632464,-3.62685951057124,-4.58044770632464
"BCI",61.03515625,-14.3545744338486,-14.9945589013532,-14.0668923613968,-14.1711607549024
"BCI",61.03515625,-26.9792274309312,-26.2848437971503,-24.6709675864157,-22.9769765612982
"BCI",61.03515625,-14.1578861274234,-15.4649512454557,-10.1143912041333,-10.1385494564528
"BCI",61.03515625,-19.1373514006915,-18.6100177348237,-18.9709361082843,-19.2037767338646
"BCI",61.03515625,-20.7992639547039,-22.5223228388593,-21.9701282649428,-21.6072615018202
"BCI",61.03515625,-10.5581925964512,-11.0781518002621,-9.32930433639637,-9.48209558397063
"BCI",30.517578125,-10.6868628246318,-10.9318915046683,-9.61698640884816,-10.3148450410243
"BCI",30.517578125,-0.00116678550759043,-1.38976107517379,-3.17798314195709,-3.28682706284901
"BCI",30.517578125,-2.03572304694042,-3.12839237495621,-0.000388928502530142,-0.147140812761876
"BCI",30.517578125,-0.00103714267341371,-1.12412122226434,-3.05768695528832,-3.10238341262028
"BCI",30.517578125,-2.92088654543461,-2.95749891056659,-4.11212294136676,-4.53100192494223
"BCI",30.517578125,-7.44974500720172,-7.73307551230594,-8.92532516764686,-12.1935480392322
"BCI",30.517578125,-6.45958049088301,-6.59238025898283,-7.48074523315379,-8.37035383647491
"BCI",30.517578125,-6.45958049088301,-6.59238025898283,-3.3822645767801,-3.74439969282685
"BCI",30.517578125,-11.2335090286308,-11.0358410531078,-11.8213786397598,-12.5632950119085
"BCI",30.517578125,-6.98599387416907,-6.9118890281016,-6.98599387416907,-6.9118890281016
"BCI",30.517578125,-10.987905034887,-13.0037980475917,-7.43327942177588,-7.35556815905296
"BCI",30.517578125,-12.3313743168639,-11.7735513897463,-12.919160981766,-13.177449937788
"BCI",30.517578125,-5.40180842551511,-5.21501952623258,-9.11900004731887,-10.3056280318396
"BCI",30.517578125,-0.00142607117594385,-1.96642611533477,-0.00142607117594385,-1.96642611533477
"BCI",30.517578125,-3.3822645767801,-3.74439969282685,-6.45958049088301,-6.59238025898283
"BCI",30.517578125,-7.41676655353898,-6.88815040195338,-10.1718930652688,-10.1685847454306
"BCI",30.517578125,-4.68138787980162,-5.08064560297621,-3.05768695528832,-3.10238341262028
"BCI",30.517578125,-0.00064821417088357,-0.452535114471133,-0.00064821417088357,-0.452535114471133
"BCI",30.517578125,-4.92795751303963,-5.18389305052424,-4.92795751303963,-5.18389305052424
"BCI",30.517578125,-7.32171787925981,-7.22604667249593,-5.68949049796689,-5.9833809458321
"BCI",30.517578125,-6.73439974725064,-6.73356408625934,-3.47061658919941,-4.00685099664444
"BCI",30.517578125,-7.50908096395857,-8.77716515147898,-5.34487767451841,-5.52237327031893
"BCI",30.517578125,-0.000907499839236998,-0.877160710496625,-0.000907499839236998,-0.877160710496625
"BCI",30.517578125,-8.92383922828821,-8.48420661824484,-9.32930433639637,-9.48209558397063
"BCI",30.517578125,-11.2705053539369,-11.8414585594998,-3.82321186077996,-5.52667639214995
"BCI",30.517578125,-8.39802951537968,-8.08622252594373,-10.0509151132545,-10.5554793933295
"BCI",30.517578125,-2.34069393990081,-2.9054561535681,-0.000518571336706856,-0.282676876795982
"BCI",30.517578125,-2.92088654543461,-2.95749891056659,-0.000907499839236998,-0.877160710496625
"BCI",30.517578125,-0.00116678550759043,-1.38976107517379,-0.00116678550759043,-1.38976107517379
"BCI",30.517578125,-2.92088654543461,-2.95749891056659,-2.92088654543461,-2.95749891056659
"BCI",30.517578125,-0.000518571336706856,-0.282676876795982,-0.000518571336706856,-0.282676876795982
"BCI",30.517578125,-0.000518571336706856,-0.282676876795982,-0.000518571336706856,-0.282676876795982
"PASO",5e+05,-5522.17430170378,-4666.56085378071,-5522.17430170378,-4666.56085378071
"PASO",250000,-4701.30971371425,-4662.40860690345,-4804.81580966279,-4689.35960727175
"PASO",250000,-4804.31540778816,-4887.6874063227,-4898.43003967854,-4767.72496615193
"PASO",125000,-3980.4768798185,-4020.51071160355,-4079.87163659576,-3996.97088095338
"PASO",125000,-3833.14893072271,-4532.94186088143,-4266.66856129036,-4184.13598178668
"PASO",125000,-4205.94364841454,-4132.74760944463,-4206.14445222859,-4127.17494567534
"PASO",125000,-3927.65459474826,-3964.81200446801,-4156.34724567926,-4072.08668915173
"PASO",62500,-3322.68636075374,-3312.72548657595,-3473.01419571467,-3418.91659086532
"PASO",62500,-3211.66141812383,-3225.04584239258,-3373.80002840678,-3317.00763503412
"PASO",62500,-3036.98246482791,-3787.20062520357,-3658.19914692522,-3587.59944325722
"PASO",62500,-3437.34558418632,-3531.70368871439,-3649.36245528826,-3591.6048279315
"PASO",62500,-3236.53135143945,-3286.05373756241,-3528.16958067657,-3473.62777383916
"PASO",62500,-3459.50405399889,-3402.19141170787,-3480.39801686991,-3433.51480263919
"PASO",62500,-3271.51409846237,-3239.81872587051,-3465.46094982126,-3415.48632191345
"PASO",62500,-3170.71474486732,-3243.24999758181,-3486.72716884105,-3448.10390841919
"PASO",31250,-2684.08494226119,-2682.95294810699,-2802.88217712597,-2766.06458445882
"PASO",31250,-2558.96420389716,-2613.55673171489,-2720.88284419279,-2688.70170891162
"PASO",31250,-2468.39658204545,-2712.65176509691,-3023.06861073937,-2981.84725627982
"PASO",31250,-2771.93414833626,-2833.85619420673,-2993.97717546285,-2959.57100691359
"PASO",31250,-2422.76977581413,-2889.99309806849,-2969.45304535753,-2938.70909876295
"PASO",31250,-2746.8561888201,-2821.60618118952,-2960.67094681901,-2926.29509395993
"PASO",31250,-2497.87602297181,-2911.05297957582,-2939.57463394272,-2898.63629647846
"PASO",31250,-2642.36796130622,-2629.67289288109,-2785.15544701157,-2746.22538880234
"PASO",31250,-2710.58835509355,-2688.42628363424,-2893.20985846932,-2854.37061386776
"PASO",31250,-2744.42337067924,-2708.8018360231,-2798.76454902257,-2775.30899222479
"PASO",31250,-2599.65366118439,-2600.5879218452,-2873.99684808303,-2846.42656592278
"PASO",31250,-2560.67092508948,-2544.62545475703,-2785.46062684009,-2754.55822581128
"PASO",31250,-2636.14609694112,-2667.11370204436,-2882.88842179516,-2847.95599365258
"PASO",31250,-2510.82823513674,-2494.71412352439,-2722.85915820963,-2689.54816057931
"PASO",31250,-2472.57195479155,-2469.03004247156,-2687.61015676503,-2659.14216978492
"PASO",31250,-2580.91617890937,-2690.44637670619,-2945.00665901255,-2900.36462952712
"PASO",15625,-1988.48618161291,-1987.42303399203,-2122.39876093459,-2103.15978550311
"PASO",15625,-1987.92316990643,-1985.28591801087,-2118.79676661834,-2102.89020997278
"PASO",15625,-1816.28495450569,-2067.01618266011,-2128.18146280752,-2104.21145257666
"PASO",15625,-1906.2554357493,-2046.2511672862,-2449.55131868455,-2421.9671829816
"PASO",15625,-2160.28902730706,-2202.75312164288,-2410.51317201014,-2380.56119699149
"PASO",15625,-1936.94963844716,-2333.92543329046,-2449.81830964088,-2423.00041556417
"PASO",15625,-2114.18077490659,-2357.19021268278,-2450.39019612663,-2417.0234071093
"PASO",15625,-1915.55945804682,-2021.56064801046,-2360.6630281936,-2329.24381004419
"PASO",15625,-2106.38227554669,-2100.87128326008,-2255.1436995702,-2232.0918560738
"PASO",15625,-1792.33961412426,-2028.89633180758,-2182.58806671258,-2158.71882356059
"PASO",15625,-2083.17532661274,-2145.95530442208,-2267.48299918745,-2250.9686504708
"PASO",15625,-1813.63021380762,-1867.44263626057,-2217.55062214528,-2195.46576241092
"PASO",15625,-1971.34288039993,-1985.66920551787,-2203.85905872509,-2182.25248732096
"PASO",15625,-2150.26858378019,-2132.62783489888,-2304.34305788473,-2276.95681455886
"PASO",15625,-2083.43367707426,-2078.88676846147,-2181.53612000376,-2162.1182677612
"PASO",15625,-2014.35903462425,-2442.38581643177,-2392.93056214199,-2369.93341317501
"PASO",15625,-2000.42844186755,-1999.71426794547,-2235.49185341188,-2211.12544976292
"PASO",15625,-2047.5401676786,-2046.34332279692,-2168.4859209567,-2152.60927748924
"PASO",15625,-2026.89031542561,-2019.34652374147,-2102.3684670954,-2070.81696016932
"PASO",15625,-1974.45779498797,-2002.13742529336,-2238.78793949133,-2216.59740150041
"PASO",15625,-1983.43169887703,-1971.72566876097,-2208.10082065212,-2184.86525982123
"PASO",15625,-2093.52647903607,-2085.77204714344,-2235.19306940771,-2210.52553900052
"PASO",15625,-2063.42274663981,-2125.7115683056,-2343.32575234773,-2318.95590537249
"PASO",15625,-2012.02074835273,-1997.05652018454,-2182.94670951666,-2158.68385375481
"PASO",15625,-1946.17095788218,-1930.68164931082,-2115.50689714591,-2094.50550276846
"PASO",15625,-1974.63631676076,-1986.54260792126,-2143.50205764523,-2122.83931533881
"PASO",15625,-1912.65070971466,-1906.65394731224,-2118.49165602542,-2102.13207363392
"PASO",15625,-1910.49825093864,-1909.74233881079,-2058.17391414372,-2046.37135613959
"PASO",15625,-1942.44396451516,-2011.75165380895,-2271.41682181945,-2251.09965872198
"PASO",15625,-2039.62256051606,-2196.36568402485,-2354.75973006436,-2332.43514434579
"PASO",15625,-1892.17487721699,-1889.77712168983,-2061.76136556203,-2051.44563344539
"PASO",15625,-1842.5066980776,-1848.65707706492,-2093.37067241606,-2070.02371929296
"PASO",7812.5,-1426.35529497001,-1424.57568863891,-1591.57504158187,-1579.65907994522
"PASO",7812.5,-1546.71360613412,-1543.75322636759,-1723.65935416338,-1709.87720025631
"PASO",7812.5,-1398.85368226341,-1425.03573436999,-1553.05142442006,-1542.08639169238
"PASO",7812.5,-1370.27589782522,-1365.52074686098,-1483.34866599018,-1480.24132670662
"PASO",7812.5,-1284.65845559623,-1338.89744329362,-1556.9344499693,-1552.2144813364
"PASO",7812.5,-1443.56829572851,-1471.55624172473,-1796.30688881336,-1785.03077504954
"PASO",7812.5,-1254.53455503498,-1311.56860991057,-1476.26711582641,-1470.63570367483
"PASO",7812.5,-1476.49987712953,-1519.70968062216,-1626.39634815557,-1614.71273916534
"PASO",7812.5,-1518.1610934648,-1525.74451515273,-1651.45593102172,-1640.32733690006
"PASO",7812.5,-1501.6601219159,-1495.84994587977,-1659.41846366053,-1646.10261310963
"PASO",7812.5,-1582.77838489906,-1752.08122343318,-1933.50707047985,-1917.36879604997
"PASO",7812.5,-1538.24469946005,-1541.89979800934,-1677.66588449805,-1662.28490087919
"PASO",7812.5,-1510.38445701667,-1509.30571156104,-1717.6101134966,-1706.7349676484
"PASO",7812.5,-1502.05157895161,-1502.02535321931,-1616.98686236968,-1608.27306636186
"PASO",7812.5,-1484.39607821144,-1727.25201337259,-1809.01619935545,-1790.00226125629
"PASO",7812.5,-1345.22832227664,-1560.84625602621,-1605.63500057059,-1591.86294747996
"PASO",7812.5,-1397.30831284671,-1391.65034131402,-1539.77558434517,-1531.15532409405
"PASO",7812.5,-1418.494512412,-1409.19242563408,-1595.87606846654,-1584.89271990519
"PASO",7812.5,-1476.19521159106,-1475.78466669129,-1640.11028901833,-1626.35898244264
"PASO",7812.5,-1341.35050060207,-1347.40671524824,-1518.15711995546,-1504.43139170476
"PASO",7812.5,-1441.89542545133,-1462.10889310537,-1631.01766522924,-1621.23011049797
"PASO",7812.5,-1420.0506908269,-1428.31019471608,-1650.16449728328,-1643.72883576944
"PASO",7812.5,-1551.5759026098,-1567.44555741273,-1878.17091456,-1862.11410222838
"PASO",7812.5,-1450.47366271893,-1451.28678419996,-1658.10465226906,-1648.40884799194
"PASO",7812.5,-1421.05669195176,-1541.19726691549,-1741.9161048742,-1729.61112719292
"PASO",7812.5,-1392.498811211,-1450.95805555696,-1794.86916056656,-1781.79939393434
"PASO",7812.5,-1445.33905168682,-1486.77890005102,-1685.84173450946,-1667.54842431697
"PASO",7812.5,-1519.22702079374,-1524.95983757821,-1563.20516693806,-1550.93643046519
"PASO",7812.5,-1398.97831894423,-1438.08580949948,-1604.09742826682,-1593.79505963645
"PASO",7812.5,-1348.9355725439,-1429.53964527682,-1621.1976954004,-1610.61644215332
"PASO",7812.5,-1512.89974451374,-1600.89954780323,-1826.97882977945,-1810.06634310573
"PASO",7812.5,-1627.18397831512,-1710.3655310842,-1812.88841053003,-1797.43157929428
"PASO",3906.25,-857.001309225246,-916.635447036825,-1035.08514308466,-1028.35815085734
"PASO",3906.25,-834.7290853276,-855.50160959466,-984.840446028574,-981.614310496812
"PASO",3906.25,-959.301036844763,-963.075773242893,-1076.97470551145,-1072.16166547353
"PASO",3906.25,-931.323271286228,-933.823364728116,-1067.62458715135,-1061.04226072462
"PASO",3906.25,-999.920648989684,-1015.67534495954,-1163.58315377887,-1160.40708380722
"PASO",3906.25,-955.64504928765,-957.445229495312,-1092.98834805578,-1086.19251483611
"PASO",3906.25,-987.799613900245,-1077.5354522774,-1219.18332606664,-1217.1700132605
"PASO",3906.25,-999.440680136853,-1007.50152061888,-1072.67216319458,-1068.39080134529
"PASO",3906.25,-1042.92614862148,-1037.55613252068,-1153.94076515285,-1148.51688882509
"PASO",3906.25,-1046.16368872548,-1047.14377675937,-1176.41244004398,-1170.29595794293
"PASO",3906.25,-1109.57553168352,-1195.85545042675,-1423.96978949898,-1412.57513522483
"PASO",3906.25,-1016.00688522324,-1032.64436202523,-1158.68576616771,-1147.92296948892
"PASO",3906.25,-960.732897866313,-1092.99806441488,-1154.28897689566,-1146.18160039738
"PASO",3906.25,-915.724223767756,-921.011014511171,-1012.53240358907,-1005.63851737665
"PASO",3906.25,-965.785597234271,-995.469388626876,-1092.20479838205,-1089.18424714439
"PASO",3906.25,-933.067027445951,-937.054117385238,-1044.29590854402,-1037.26345738219
"PASO",3906.25,-965.409491644945,-972.775430716326,-1114.55243892937,-1105.76728583245
"PASO",3906.25,-991.924145203754,-991.726180184083,-1111.4920179621,-1105.88847111588
"PASO",3906.25,-1036.52039788578,-1135.88170454491,-1311.31023492102,-1304.08440774565
"PASO",3906.25,-1107.74461899979,-1105.1208869526,-1219.32791217509,-1211.42711958592
"PASO",3906.25,-1111.81567070129,-1147.61066283068,-1267.59164122527,-1261.49309784702
"PASO",3906.25,-1076.00826990404,-1142.73654981257,-1279.57742112531,-1273.37029699658
"PASO",3906.25,-1017.51005728452,-1031.47277163948,-1266.35169311797,-1259.44140700794
"PASO",3906.25,-1082.87457283972,-1147.09699894335,-1327.9243643907,-1318.13395860644
"PASO",3906.25,-1083.27480210598,-1102.67679685678,-1319.14601412376,-1312.78680750579
"PASO",3906.25,-1052.37442593059,-1054.09632802626,-1176.52430637419,-1168.37584250428
"PASO",3906.25,-848.716537807675,-853.576675859008,-989.976651724341,-986.144816922809
"PASO",3906.25,-937.820669172184,-1040.9453272213,-1193.58614858398,-1182.95839046737
"PASO",3906.25,-1034.78415058399,-1096.24599984189,-1144.70221783689,-1142.540586602
"PASO",3906.25,-1039.33131234134,-1050.39149001905,-1095.57896561639,-1095.2581431619
"PASO",3906.25,-1085.36153295349,-1088.77610205459,-1157.3777924457,-1149.65847345747
"PASO",3906.25,-979.814563833963,-974.720634224409,-1053.01430840345,-1043.98993676789
"PASO",1953.125,-688.528293081703,-758.889026021605,-849.790478645222,-846.855884435433
"PASO",1953.125,-647.981110637495,-652.574073996636,-699.103918958504,-695.532052827512
"PASO",1953.125,-601.615130060837,-605.225374567684,-621.165582867217,-619.80205269548
"PASO",1953.125,-613.193186005055,-650.386489887669,-719.959866791893,-716.88027142809
"PASO",1953.125,-598.318696700444,-627.941835673986,-674.612923368403,-670.809697202607
"PASO",1953.125,-610.546485057335,-610.652596816641,-662.860101505066,-658.182099832127
"PASO",1953.125,-617.481726844632,-674.036646847914,-763.460697105859,-759.936026491885
"PASO",1953.125,-621.837713837444,-648.554519834162,-775.621240321116,-770.734816314352
"PASO",1953.125,-628.365315685787,-649.176462296555,-706.024964431928,-702.056771735198
"PASO",1953.125,-573.580434605968,-575.037425018934,-617.783557257334,-615.420458321531
"PASO",1953.125,-552.996932479061,-559.674825456501,-597.901722700953,-595.144806784147
"PASO",1953.125,-634.867700283911,-788.805587730579,-778.233275319548,-777.396632891208
"PASO",1953.125,-585.086717438171,-590.186536817178,-648.250092861358,-645.729542309812
"PASO",1953.125,-645.566566037644,-645.872099049068,-718.1569343473,-715.01981986013
"PASO",1953.125,-611.207759779257,-613.400648971408,-653.000272895266,-649.005948707018
"PASO",1953.125,-546.812531416437,-548.39545716925,-580.580286137643,-577.408923212105
"PASO",1953.125,-631.777455545932,-688.452918185516,-802.047525255571,-801.628104292507
"PASO",1953.125,-678.84246556877,-689.370161061472,-781.798695140987,-777.881885441578
"PASO",1953.125,-706.260597869697,-710.343803666417,-815.868740491078,-808.858839976849
"PASO",1953.125,-594.575921673253,-592.244032976553,-674.696530752812,-671.48086491455
"PASO",1953.125,-634.045239594587,-640.533103294676,-702.227925463491,-702.088421195583
"PASO",1953.125,-624.305982288601,-623.008470136742,-698.942918271733,-692.009919816036
"PASO",1953.125,-722.104754472033,-776.349844406393,-835.251657384827,-829.496830913686
"PASO",1953.125,-621.174215315592,-639.896270898241,-696.362177036194,-692.615244784149
"PASO",1953.125,-654.547181946372,-691.67762182618,-792.581863877797,-790.108911499839
"PASO",1953.125,-738.008006113389,-806.415306809394,-908.132576723274,-906.787112193726
"PASO",1953.125,-762.639185158638,-769.084006232247,-862.68183199483,-858.543638077515
"PASO",1953.125,-677.397848317391,-686.517610021539,-812.256839619324,-809.159906332784
"PASO",1953.125,-500.135028623459,-518.013569090537,-548.633419853459,-544.303407239197
"PASO",1953.125,-641.574443682067,-641.355964911788,-698.033121941524,-697.221715394522
"PASO",1953.125,-586.15994591497,-600.785606403134,-676.281302829248,-674.906534855835
"PASO",1953.125,-686.12603099446,-721.933097042603,-814.791227557746,-811.365325826033
"PASO",976.5625,-398.068113113905,-478.761427849348,-463.837786668263,-460.698394135661
"PASO",976.5625,-362.289242415598,-411.03605355483,-437.524929547797,-437.080501857564
"PASO",976.5625,-380.524886730096,-386.893463678094,-405.001536266323,-402.789856851873
"PASO",976.5625,-429.223056120387,-476.930963933608,-541.828527980275,-538.060091615998
"PASO",976.5625,-315.252477759256,-314.686849765852,-321.366339372243,-318.83766260826
"PASO",976.5625,-342.99000425133,-344.054304358947,-375.992909011709,-374.394099810463
"PASO",976.5625,-429.932483947485,-460.337906044338,-504.0962270086,-504.157260364382
"PASO",976.5625,-377.872547965558,-388.156971865224,-442.005842750442,-440.734340206528
"PASO",976.5625,-370.381466920223,-372.58953322644,-390.622241943544,-389.095405747188
"PASO",976.5625,-392.032830067975,-396.378980197133,-429.747756375472,-427.866222759937
"PASO",976.5625,-375.691036497356,-377.814228004424,-388.022486674518,-384.013653308043
"PASO",976.5625,-326.663782461936,-334.249801623908,-373.470543721852,-371.8206121528
"PASO",976.5625,-467.607453787471,-480.508171709094,-528.980884184921,-525.879847552579
"PASO",976.5625,-332.665177035207,-339.706466142194,-353.534251537054,-353.117622681754
"PASO",976.5625,-377.329291704504,-405.320882966535,-419.636154857026,-418.981824703256
"PASO",976.5625,-371.252040392957,-372.086188005811,-387.671443823879,-383.51173263574
"PASO",976.5625,-415.056586092221,-411.240378790632,-454.571238950035,-451.606607789867
"PASO",976.5625,-350.510176496419,-353.626735939444,-365.628877240378,-361.318942532001
"PASO",976.5625,-419.458956292268,-434.351778101518,-480.05204664083,-476.252741833952
"PASO",976.5625,-358.259236820735,-370.953513240955,-410.414897227908,-406.679437563031
"PASO",976.5625,-344.85832469367,-362.311114707803,-378.410834469686,-376.878382533807
"PASO",976.5625,-347.812480203577,-348.639327576106,-368.930003367517,-369.404726280477
"PASO",976.5625,-373.953087177659,-376.355014409274,-375.46516402258,-373.891850460135
"PASO",976.5625,-330.880732648809,-335.414010042227,-345.498421461455,-341.519822570993
"PASO",976.5625,-413.920993839346,-414.18213977485,-446.422802794439,-444.170646603918
"PASO",976.5625,-440.243726324969,-490.887773382358,-566.393071954327,-562.309062835475
"PASO",976.5625,-294.946604229541,-308.670080439059,-314.398637824817,-313.524701515008
"PASO",976.5625,-381.666472443932,-396.8124000261,-429.69542089391,-427.366508895113
"PASO",976.5625,-312.385174790608,-312.279020298591,-326.706429959249,-325.472464501869
"PASO",976.5625,-399.582285941465,-403.23092230643,-408.971360978114,-407.79648437848
"PASO",976.5625,-384.072181676159,-395.242482632996,-428.153421040207,-425.632945024376
"PASO",976.5625,-461.079790015871,-509.504613214539,-558.875223497968,-556.961019686242
"PASO",488.28125,-220.272731097897,-224.651488648141,-232.887720002207,-233.268710146043
"PASO",488.28125,-197.998086739198,-199.871955581442,-199.044973773233,-199.177383575828
"PASO",488.28125,-216.943137700899,-220.034242849354,-229.484125137551,-228.806538534508
"PASO",488.28125,-247.228721938735,-259.579370893253,-285.712919494669,-286.642655272746
"PASO",488.28125,-210.916088726924,-209.774754941737,-217.926789513467,-217.039031243734
"PASO",488.28125,-219.520380064685,-225.283248679854,-222.27302370503,-221.88173657667
"PASO",488.28125,-204.710147617404,-217.343022949024,-212.781340732779,-211.832707668577
"PASO",488.28125,-179.976395508606,-188.898358023567,-175.654100614582,-176.613735167906
"PASO",488.28125,-221.189445153076,-229.825556080982,-235.904795246604,-235.920010827443
"PASO",488.28125,-168.867217400769,-170.568108188572,-163.96956561631,-162.499904070715
"PASO",488.28125,-156.156199441581,-154.651867464608,-148.261358941657,-147.635342704785
"PASO",488.28125,-215.488062659665,-220.097000308839,-227.981850630042,-227.813981243247
"PASO",488.28125,-209.172470702599,-210.881798574427,-209.798658341199,-210.758645840363
"PASO",488.28125,-267.586966936355,-279.261869195711,-279.603971858806,-275.734239739156
"PASO",488.28125,-156.990148282645,-158.009603320099,-152.819734548058,-152.774870068226
"PASO",488.28125,-227.976767213357,-234.901665178458,-234.863593298233,-232.835632873208
"PASO",488.28125,-228.518893274559,-230.860289674756,-239.831896398537,-239.826572491909
"PASO",488.28125,-208.170699988806,-208.097941733253,-206.89170914347,-205.050068122327
"PASO",488.28125,-200.019080230457,-202.758073212019,-190.08292543906,-191.695777868062
"PASO",488.28125,-194.131604855975,-203.431214633518,-201.365445076018,-202.050835037649
"PASO",488.28125,-143.72436955645,-143.900799295566,-143.530370239425,-144.135533090345
"PASO",488.28125,-215.496408102534,-219.951864351757,-216.831029038374,-215.959432403731
"PASO",488.28125,-184.484234461697,-187.410323074217,-182.244209702537,-182.722867022496
"PASO",488.28125,-233.013723010619,-264.568060477322,-261.074281471206,-258.814679625818
"PASO",488.28125,-215.395243527422,-214.009486643371,-215.574096598854,-215.374304518944
"PASO",488.28125,-142.724149282394,-143.769844617545,-139.792252391219,-140.855256198655
"PASO",488.28125,-248.969051763853,-252.075526542769,-256.496309210109,-255.63657037366
"PASO",488.28125,-194.651050252648,-202.138988704879,-199.119068970773,-198.280709342387
"PASO",488.28125,-108.63932649326,-110.219925085324,-103.745417210135,-104.019588392616
"PASO",488.28125,-215.362923236889,-217.663080968006,-206.842116334351,-205.006784033823
"PASO",488.28125,-246.465490759824,-254.181780714547,-254.351760008103,-254.357035801293
"PASO",488.28125,-240.420889952126,-262.815611351145,-264.335088599598,-263.247987113884
"PASO",244.140625,-91.813571670216,-97.547785807758,-86.6650487405397,-86.6970913734357
"PASO",244.140625,-99.2856908284115,-100.224252674143,-98.8161089818852,-100.432565784532
"PASO",244.140625,-123.065672214003,-125.192051884834,-116.829438983517,-117.430441153405
"PASO",244.140625,-85.9017806774064,-86.0550769979774,-93.0365270477745,-94.1735210079212
"PASO",244.140625,-101.539580683531,-103.123391949672,-89.4389814182312,-89.6649946590877
"PASO",244.140625,-53.6371018787683,-52.653316827445,-46.9209674498843,-47.3471241381086
"PASO",244.140625,-70.5171441846602,-81.0749376762644,-52.3264986230033,-52.5778401905908
"PASO",244.140625,-133.092335375062,-142.144936643266,-124.989383606462,-125.055082738097
"PASO",244.140625,-88.8507114664885,-92.7919798809943,-79.9114293106959,-80.3229503373257
"PASO",244.140625,-121.246412470126,-137.343551931787,-116.218164325047,-115.270949911336
"PASO",244.140625,-95.9852787479706,-100.014977199704,-88.7856627349811,-89.400967109791
"PASO",244.140625,-77.8057866684048,-78.3138415668127,-77.0019162257501,-78.1248623000871
"PASO",244.140625,-157.908778965182,-180.763570200045,-157.384512212474,-157.875678120878
"PASO",244.140625,-128.602304516891,-134.991567891759,-116.020153520217,-116.479509196486
"PASO",244.140625,-80.0398506337728,-79.807285572744,-79.7929905558413,-79.4181414262844
"PASO",244.140625,-85.2786884647351,-86.9171551024694,-82.5542514268252,-83.082426207664
"PASO",244.140625,-69.7436901782165,-69.0717724242983,-63.7567032016473,-64.5852917459106
"PASO",244.140625,-86.3472968830853,-91.351684778077,-77.9990018169337,-77.7092288998344
"PASO",244.140625,-69.2015853687388,-69.2676819182705,-66.4467612150373,-66.891370314203
"PASO",244.140625,-92.3879863359766,-93.7399509146598,-93.9634765932582,-95.4657530300151
"PASO",244.140625,-130.279197634197,-134.18910160888,-128.039808572109,-128.26617520764
"PASO",244.140625,-155.315682217844,-161.506316983692,-153.421460796161,-154.10580709791
"PASO",244.140625,-96.9821143104503,-101.161574600705,-84.7082431693678,-84.4126049540801
"PASO",244.140625,-80.255634258043,-95.1217012959959,-73.7150897880248,-73.793787667366
"PASO",244.140625,-64.6224712963286,-66.0174409091565,-46.8918369562641,-48.503646166861
"PASO",244.140625,-70.4490467762902,-75.7196828494732,-59.6082190028021,-59.5142311804608
"PASO",244.140625,-104.206559366804,-104.843691027667,-101.998686245104,-102.718990250092
"PASO",244.140625,-97.9022141381379,-98.4416979083217,-95.3255412890558,-94.186630611878
"PASO",244.140625,-62.3928863146935,-63.4863835188814,-56.4034295505913,-56.3392391677522
"PASO",244.140625,-118.550655817104,-123.129205780413,-110.893522072716,-111.089848190619
"PASO",244.140625,-104.331471167292,-106.815062760359,-100.751774673236,-101.805601705114
"PASO",244.140625,-149.656910038548,-159.927424131486,-143.567198872469,-142.536122460615
"PASO",122.0703125,-50.0444275047735,-59.0451461117461,-27.5613184601322,-28.6495906352562
"PASO",122.0703125,-31.5789534391789,-33.2152744960431,-17.092740087317,-18.0112102027436
"PASO",122.0703125,-32.1651714243983,-34.4827498374207,-29.1597057780408,-30.0087652087352
"PASO",122.0703125,-59.1174703087244,-62.2937824173259,-42.6919659948579,-43.1810570558623
"PASO",122.0703125,-39.439196671669,-42.8255506430771,-28.0002583352083,-28.200228169344
"PASO",122.0703125,-64.0803978442917,-64.9678470221681,-54.5892192740142,-54.3905815514798
"PASO",122.0703125,-26.3353632350325,-26.5898367563362,-24.910435441479,-25.1053654595926
"PASO",122.0703125,-39.1365404062887,-39.7143018187822,-38.2729318145099,-38.815890691282
"PASO",122.0703125,-34.8085133858432,-36.888321838805,-23.9330259890015,-24.2626443984855
"PASO",122.0703125,-54.7850194421165,-54.9132687508672,-62.4600926504436,-64.4641220783341
"PASO",122.0703125,-51.6327181787107,-52.3181922345383,-48.8895345991849,-49.0002755101493
"PASO",122.0703125,-50.1702488576839,-51.0338546966293,-46.2972299593008,-46.8472987571835
"PASO",122.0703125,-37.1568303717062,-39.4118819315437,-25.7126147640079,-25.7411426490255
"PASO",122.0703125,-51.9372771215104,-52.420916589371,-44.0915352312328,-44.5145468695747
"PASO",122.0703125,-61.6483237645503,-68.5316346127716,-50.8082928386166,-50.9985020395626
"PASO",122.0703125,-46.4091556965598,-48.5442761760638,-35.8579503237136,-35.5733092649699
"PASO",122.0703125,-53.240108526515,-53.3332523848356,-56.7099177500115,-57.2975733056099
"PASO",122.0703125,-35.7881050409132,-36.2649025417883,-26.1629530059035,-26.2928821304748
"PASO",122.0703125,-40.7346791273177,-41.1008388954624,-41.0223611997695,-41.546412467662
"PASO",122.0703125,-34.1021301999609,-35.5399972184233,-26.5249925068349,-26.1990835259261
"PASO",122.0703125,-42.7197342663945,-45.4786009275092,-35.7401672880572,-35.3638218474607
"PASO",122.0703125,-27.8357574953668,-28.7598170802373,-29.2220518564867,-30.3693734935926
"PASO",122.0703125,-45.1828789056778,-52.9960376423425,-40.0926164588302,-41.0763239621501
"PASO",122.0703125,-81.1034926563502,-90.8762955704049,-72.9910778173543,-73.8174287864457
"PASO",122.0703125,-68.199662811002,-71.553739730387,-60.9109044235979,-61.1694822833794
"PASO",122.0703125,-57.4085919357905,-58.3395330166568,-42.9808562449085,-43.5882767859376
"PASO",122.0703125,-25.772217807353,-26.45033661552,-15.9520789573949,-16.0270130923593
"PASO",122.0703125,-37.9439794248253,-39.863522556858,-32.5944535909645,-32.9288122443199
"PASO",122.0703125,-74.637859199268,-74.4683098232294,-68.5980078073782,-68.8743102500188
"PASO",122.0703125,-30.4644206981204,-31.3760730639408,-27.2422372986854,-27.5469343432605
"PASO",122.0703125,-24.8900875798448,-25.1107224877541,-21.0093593626423,-21.2211199255982
"PASO",122.0703125,-30.1089311341245,-30.3862037075989,-25.9898495263819,-26.3045666728569
"PASO",61.03515625,-9.41841671997538,-9.71450036096778,-9.41841671997538,-9.71450036096778
"PASO",61.03515625,-17.440212674961,-18.832050863949,-4.5505402053288,-5.75694154716491
"PASO",61.03515625,-11.2175141837031,-12.303985826105,-7.02405236934823,-7.05722961430817
"PASO",61.03515625,-14.014545067663,-14.5172407108814,-14.3022271401148,-14.9424964265637
"PASO",61.03515625,-4.25160262703612,-4.53983150194124,-7.10357614246617,-7.12716593145451
"PASO",61.03515625,-9.17306086586497,-9.65665745108735,-6.94123317839881,-6.99550925082406
"PASO",61.03515625,-11.2464858255958,-11.900413051482,-4.28958650543238,-4.65209888904297
"PASO",61.03515625,-18.6961446629655,-21.6379147931602,-7.29841688109057,-7.39656662860264
"PASO",61.03515625,-15.9493943143939,-18.9292692887333,-9.46477154629022,-9.45541713729996
"PASO",61.03515625,-10.0529649385402,-10.102969530272,-10.0529649385402,-10.102969530272
"PASO",61.03515625,-16.6204164394024,-17.0807052751481,-10.5763700460533,-10.7603990373281
"PASO",61.03515625,-26.4001576278075,-27.1107052991036,-25.4503591555527,-26.0145222022052
"PASO",61.03515625,-21.2485526710836,-22.454634818557,-13.3399009200613,-13.4914651628336
"PASO",61.03515625,-16.9369776406396,-17.2175949996007,-10.7323305499153,-11.0307328226772
"PASO",61.03515625,-7.18005687955082,-7.20497909150288,-9.53394942587128,-9.75785929396278
"PASO",61.03515625,-25.397399695714,-27.3799477466658,-13.4219847346476,-13.6248290193101
"PASO",61.03515625,-14.8893765604921,-15.1830543298348,-7.81719055178346,-8.36002001907238
"PASO",61.03515625,-14.1962293799321,-14.2224812664815,-4.60637231966303,-6.08567524881824
"PASO",61.03515625,-32.2143431502404,-35.9452763975278,-11.6428096531861,-13.5184844427265
"PASO",61.03515625,-21.1935322919525,-24.1519925983019,-7.87101870656051,-8.50885391217447
"PASO",61.03515625,-26.6883231227673,-29.4718555725932,-28.9968309401489,-33.6556712244478
"PASO",61.03515625,-16.2861722270616,-16.9773358785391,-12.7119325678284,-12.8125493566104
"PASO",61.03515625,-6.11537391057665,-6.85474074028244,-3.76194863721646,-3.80478698016832
"PASO",61.03515625,-22.3873839481485,-23.0699564782264,-16.0019826817375,-16.1608548723052
"PASO",61.03515625,-10.2377745900598,-10.2949497617722,-14.1679355707051,-14.5625728606133
"PASO",61.03515625,-11.3958641092867,-11.9169622074962,-4.3261800910025,-4.77046819828273
"PASO",61.03515625,-11.5398538156702,-11.9436844041054,-0.00375964219112471,-2.40650109934238
"PASO",61.03515625,-23.8771535753337,-26.071068923534,-15.6579430411033,-15.7745690064824
"PASO",61.03515625,-26.455607232796,-32.9713505988765,-17.3824889351887,-17.4810309079162
"PASO",61.03515625,-11.2713594795123,-13.9141864979708,-6.85483340354967,-6.94238159085444
"PASO",61.03515625,-31.0803919587752,-31.3207087978576,-23.9139486905082,-24.1644625802389
"PASO",61.03515625,-31.8320636457904,-35.4830881648752,-26.0532383896505,-26.7057060843721
"PASO",30.517578125,-0.00246321384935757,-1.06072465598933,-0.00246321384935757,-1.06072465598933
"PASO",30.517578125,-6.17851988308935,-6.44576327865765,-3.93550935328026,-3.94290287599509
"PASO",30.517578125,-16.7807894214489,-17.1451049935851,-14.8712457345244,-14.9156469374503
"PASO",30.517578125,-3.55178807123308,-3.7561178041091,-0.00168535684429728,-0.497609612144623
"PASO",30.517578125,-3.88093655106202,-3.88797524781321,-3.88093655106202,-3.88797524781321
"PASO",30.517578125,-0.001814999678474,-0.577813130263111,-5.84177309086922,-6.94447711614189
"PASO",30.517578125,-6.28299001911098,-6.45480052488902,-3.98725679610615,-4.00609505850299
"PASO",30.517578125,-14.1718846450013,-18.4013963339015,-4.3261800910025,-4.77046819828273
"PASO",30.517578125,-2.92088654543461,-4.06029613190994,-0.000907499839236998,-0.137859746433143
"PASO",30.517578125,-6.94123317839881,-6.99550925082406,-9.17306086586497,-9.65665745108735
"PASO",30.517578125,-7.82223166164715,-9.45419865762728,-3.82321186077996,-3.84176200086741
"PASO",30.517578125,-9.29824984464108,-9.68060772020658,-0.00324107085441785,-1.81047340251136
"PASO",30.517578125,-4.03645714537192,-4.07716104709004,-6.38226838757886,-6.47485181501572
"PASO",30.517578125,-6.57067209156276,-6.8390415666795,-6.57067209156276,-6.8390415666795
"PASO",30.517578125,-5.98325649725039,-6.89175547546132,-5.69557442479861,-6.53728497833391
"PASO",30.517578125,-21.9341446409914,-27.2626564768615,-14.3167506547213,-14.6167480574927
"PASO",30.517578125,-3.98725679610615,-4.00609505850299,-6.57067209156276,-6.8390415666795
"PASO",30.517578125,-0.00142607117594385,-0.354219755123496,-0.00142607117594385,-0.354219755123496
"PASO",30.517578125,-8.45404925592709,-9.70725931600663,-6.46620195554113,-6.82508109600086
"PASO",30.517578125,-5.34487767451841,-7.21640064643597,-0.00142607117594385,-0.354219755123496
"PASO",30.517578125,-7.82223166164715,-9.45419865762728,-5.9516083956326,-6.46392891698263
"PASO",30.517578125,-10.6858338153738,-11.437519786927,-4.25160262703612,-4.53983150194124
"PASO",30.517578125,-3.93550935328026,-3.94290287599509,-3.93550935328026,-3.94290287599509
"PASO",30.517578125,-8.10991373409893,-9.82230148215671,-6.23929046808438,-6.83203174151206
"PASO",30.517578125,-3.62685951057124,-3.7611451232025,-3.62685951057124,-3.7611451232025
"PASO",30.517578125,-6.35596628391418,-6.8224692922188,-9.85591502607926,-12.69145738103
"PASO",30.517578125,-8.66962857904329,-12.2426648236404,-3.76194863721646,-3.80478698016832
"PASO",30.517578125,-3.76194863721646,-3.80478698016832,-3.76194863721646,-3.80478698016832
"PASO",30.517578125,-3.62685951057124,-3.7611451232025,-0.001814999678474,-0.577813130263111
"PASO",30.517578125,-4.03645714537192,-4.07716104709004,-0.00272249951771099,-1.29068013149757
"PASO",30.517578125,-13.7756846700613,-17.7455811396486,-9.0424109153639,-9.64318147805299
"PASO",30.517578125,-28.5930968620566,-41.6607348546159,-18.6430161688724,-19.0001718963675
